card_id,name,issuer_key,network,currency,is_business,annual_fee,first_year_fee_waived,base_earn_pct,bonus_amount,bonus_value_usd,bonus_spend,bonus_days,counts_toward_524,point_value_cents,url,discontinued,tccp_product_id
90436ebe63417596fbc6cb5b7e5a2e8c,Delta SkyMiles Blue,AMERICAN_EXPRESS,AMERICAN_EXPRESS,DELTA,false,0.0,false,1.0,10000,100.0,1000,180,true,1.0,https://www.americanexpress.com/us/credit-cards/card/delta-skymiles-blue-american-express-card/,false,american-express-national-bank-delta-skymiles-blue-american-express-card
99d4ec3c5bcd51b70b83b4b792af3ef6,Delta SkyMiles Gold,AMERICAN_EXPRESS,AMERICAN_EXPRESS,DELTA,false,150.0,true,1.0,50000,500.0,2000,180,true,1.0,https://www.americanexpress.com/us/credit-cards/card/delta-skymiles-gold-american-express-card/,false,american-express-national-bank-delta-skymiles-gold-american-express-card
509a09cbd31edd8df85928d044ef7802,Delta SkyMiles Gold Business,AMERICAN_EXPRESS,AMERICAN_EXPRESS,DELTA,true,150.0,true,1.0,60000,600.0,4000,180,false,1.0,https://www.americanexpress.com/en-us/business/credit-cards/delta-skymiles-gold/,false,
bdf4ae17ff6808592f785fff3ae81a2a,Delta SkyMiles Platinum,AMERICAN_EXPRESS,AMERICAN_EXPRESS,DELTA,false,350.0,false,1.0,60000,600.0,3000,180,true,1.0,https://www.americanexpress.com/us/credit-cards/card/delta-skymiles-platinum-american-express-card/,false,american-express-national-bank-delta-skymiles-platinum-american-express-card
1e9c3dae029612a7a40adf6144bf43d4,Delta SkyMiles Platinum Business,AMERICAN_EXPRESS,AMERICAN_EXPRESS,DELTA,true,350.0,false,1.0,70000,700.0,6000,180,false,1.0,https://www.americanexpress.com/en-us/business/credit-cards/delta-skymiles-platinum/,false,
2a3949c2232cf6646a59531728264a5c,Delta SkyMiles Reserve,AMERICAN_EXPRESS,AMERICAN_EXPRESS,DELTA,false,650.0,false,1.0,70000,700.0,5000,180,true,1.0,https://www.americanexpress.com/us/credit-cards/card/delta-skymiles-reserve-american-express-card/,false,american-express-national-bank-delta-skymiles-reserve-american-express-card
a8032dfcc9bc6af82eb1a0a487e710b5,Delta SkyMiles Reserve Business,AMERICAN_EXPRESS,AMERICAN_EXPRESS,DELTA,true,550.0,false,1.0,80000,800.0,10000,180,false,1.0,https://www.americanexpress.com/en-us/business/credit-cards/delta-skymiles-reserve/,false,
a37efd1da4e7f0d468c87d3b6f021250,Blue Business Cash,AMERICAN_EXPRESS,AMERICAN_EXPRESS,USD,true,0.0,false,2.0,250,250.0,3000,90,false,,https://www.americanexpress.com/en-us/business/credit-cards/blue-business-cash/,false,
a851f08b98f839a01a7e8fa367d8b8be,Blue Business Plus,AMERICAN_EXPRESS,AMERICAN_EXPRESS,AMERICAN_EXPRESS,true,0.0,false,2.0,15000,90.0,3000,90,false,0.6,https://www.americanexpress.com/us/credit-cards/business/business-credit-cards/american-express-blue-business-plus-credit-card-amex/,false,
6980c320c341292b63273e4362601aa8,Blue Cash Everyday,AMERICAN_EXPRESS,AMERICAN_EXPRESS,USD,false,0.0,false,2.0,200,200.0,2000,180,true,,https://www.americanexpress.com/us/credit-cards/card/blue-cash-everyday/,false,american-express-national-bank-blue-cash-everyday-card
04abf9273e03fbe626fe80a9ffd53523,Blue Cash Preferred,AMERICAN_EXPRESS,AMERICAN_EXPRESS,USD,false,95.0,true,2.0,250,250.0,3000,180,true,,https://www.americanexpress.com/us/credit-cards/card/blue-cash-preferred/,false,american-express-national-bank-blue-cash-preferred-card
b628058009b9f1a24093028750e18112,Blue Cash Preferred (Morgan Stanley),AMERICAN_EXPRESS,AMERICAN_EXPRESS,USD,false,95.0,true,2.0,250,250.0,3000,180,true,,https://us.etrade.com/l/morgan-stanley-blue-cash-preferred,false,american-express-national-bank-morgan-stanley-blue-cash-preferred-american-expre
191f603ca5af9306d5db0fb208e9a646,Business Gold,AMERICAN_EXPRESS,AMERICAN_EXPRESS,AMERICAN_EXPRESS,true,375.0,false,1.0,100000,600.0,15000,90,false,0.6,https://www.americanexpress.com/us/credit-cards/business/business-credit-cards/american-express-business-gold-card-amex/,false,
aff8fcfdc6a69cef4936e1e474820516,Business Green,AMERICAN_EXPRESS,AMERICAN_EXPRESS,AMERICAN_EXPRESS,true,95.0,false,1.0,15000,90.0,3000,90,false,0.6,https://www.americanexpress.com/us/credit-cards/business/business-credit-cards/american-express-business-green-card-amex/,false,
656a6a4296d40de4c62cc3ec888e5018,Business Platinum,AMERICAN_EXPRESS,AMERICAN_EXPRESS,AMERICAN_EXPRESS,true,695.0,false,1.0,200000,1200.0,20000,90,false,0.6,https://www.americanexpress.com/us/credit-cards/business/business-credit-cards/american-express-business-platinum-credit-card-amex/,false,
27ebb66ce240c9dcf6e1d13d63e319b4,Cash Magnet,AMERICAN_EXPRESS,AMERICAN_EXPRESS,USD,false,0.0,false,1.5,,,,,true,,https://www.americanexpress.com/us/credit-cards/card/cash-magnet/,false,
54fddf9e59dfad730320eb65a04b7ea5,Everyday,AMERICAN_EXPRESS,AMERICAN_EXPRESS,AMERICAN_EXPRESS,false,0.0,false,1.0,0,0.0,3000,90,true,0.6,https://global.americanexpress.com/card-benefits/view-all/amex-everyday,true,
84c122e1077e2929b1f563bd143ce82e,Everyday Preferred,AMERICAN_EXPRESS,AMERICAN_EXPRESS,AMERICAN_EXPRESS,false,95.0,false,1.0,0,0.0,3000,90,true,0.6,https://www.americanexpress.com/us/credit-cards/card/amex-everyday-preferred/,true,
cafe43d37256bec116dff4be6cced2cf,Gold,AMERICAN_EXPRESS,AMERICAN_EXPRESS,AMERICAN_EXPRESS,false,350.0,false,1.0,60000,360.0,6000,180,true,0.6,https://www.americanexpress.com/us/credit-cards/card/gold-card/,false,american-express-national-bank-american-express-gold-card
ad9a96ed5f730a79d0171f1f8ca92d0c,Green,AMERICAN_EXPRESS,AMERICAN_EXPRESS,AMERICAN_EXPRESS,false,150.0,false,1.0,40000,240.0,3000,180,true,0.6,https://www.americanexpress.com/us/credit-cards/card/green/,false,american-express-national-bank-american-express-green-card
0710239dc6fbd92077bce7118572e217,Hilton Honors,AMERICAN_EXPRESS,AMERICAN_EXPRESS,HILTON,false,0.0,false,1.0,80000,400.0,2000,180,true,0.5,https://www.hilton.com/en/hilton-honors/credit-cards/,false,american-express-national-bank-hilton-honors-american-express-card
59c1e4c423d078c91e9b7c51d72e893d,Hilton Honors Aspire,AMERICAN_EXPRESS,AMERICAN_EXPRESS,HILTON,false,550.0,false,1.0,150000,750.0,6000,180,true,0.5,https://www.hilton.com/en/hilton-honors/credit-cards/,false,american-express-national-bank-hilton-honors-american-express-aspire-card
434df114291a974c876d58cf79158376,Hilton Honors Business,AMERICAN_EXPRESS,AMERICAN_EXPRESS,HILTON,true,175.0,false,5.0,130000,650.0,6000,180,false,0.5,https://www.hilton.com/en/hilton-honors/credit-cards/,false,
f6c6aa50b533b758df7be5151d805571,Hilton Honors Surpass,AMERICAN_EXPRESS,AMERICAN_EXPRESS,HILTON,false,95.0,false,1.0,130000,650.0,3000,180,true,0.5,https://www.hilton.com/en/hilton-honors/credit-cards/,false,american-express-national-bank-hilton-honors-american-express-surpass-card
4d2115812f09d194440ef99b1a5210cd,Marriott Bonvoy Brilliant,AMERICAN_EXPRESS,AMERICAN_EXPRESS,MARRIOTT,false,650.0,false,1.0,200000,1400.0,6000,180,true,0.7,https://www.americanexpress.com/us/credit-cards/card/marriott-bonvoy-brilliant/,false,american-express-national-bank-marriott-bonvoy-brilliant-american-express-card
1129280627d633940e575deabdaa105f,Marriott Bonvoy Business,AMERICAN_EXPRESS,AMERICAN_EXPRESS,MARRIOTT,true,125.0,false,1.0,0,0.0,3000,90,false,0.7,https://www.americanexpress.com/us/credit-cards/business/business-credit-cards/amex-marriott-bonvoy-business-credit-card/,false,
ec1872dfd8a65491a33bae2da4dd487f,Platinum,AMERICAN_EXPRESS,AMERICAN_EXPRESS,AMERICAN_EXPRESS,false,895.0,false,1.0,100000,600.0,8000,180,true,0.6,https://www.americanexpress.com/us/credit-cards/card/platinum/,false,american-express-national-bank-the-platinum-card
7eb93f5f9ab64e1c12b82ec8822c25ef,Platinum (Schwab),AMERICAN_EXPRESS,AMERICAN_EXPRESS,AMERICAN_EXPRESS,false,895.0,false,1.0,80000,480.0,8000,180,true,0.6,https://www.schwab.com/credit-cards/platinum-card,false,american-express-national-bank-the-platinum-card-from-american-express-for-charl
ab55a96910ffc7f31fc1605c99430ec5,Platinum (Morgan Stanley),AMERICAN_EXPRESS,AMERICAN_EXPRESS,AMERICAN_EXPRESS,false,895.0,false,1.0,80000,480.0,8000,180,true,0.6,https://us.etrade.com/l/morgan-stanley-platinum,false,american-express-national-bank-the-platinum-card-from-american-express-exclusive
653b14a655f4edc9bfc0332e9370e139,Marriott Bonvoy Bevy,AMERICAN_EXPRESS,AMERICAN_EXPRESS,MARRIOTT,false,250.0,false,1.0,175000,1225.0,5000,180,true,0.7,https://www.americanexpress.com/us/credit-cards/card/marriott-bonvoy-bevy/,false,american-express-national-bank-marriott-bonvoy-bevy-american-express-card
9bf8d331ae97a8ddc47ef3d22dcaf213,Lowes,AMERICAN_EXPRESS,AMERICAN_EXPRESS,USD,true,0.0,false,1.0,,,,,false,,https://www.americanexpress.com/us/credit-cards/business/business-credit-cards/lowes-credit-cards/,false,
a3b091353bd1a45ad58f75e5287f1fd6,Schwab Investor,AMERICAN_EXPRESS,AMERICAN_EXPRESS,USD,false,0.0,false,1.0,200,200.0,1000,90,true,,https://www.schwab.com/public/schwab/investing/accounts_products/credit_cards,false,american-express-national-bank-the-charles-schwab-investor-credit-card-from-amer
15cc2b7c31596c0112cfba30180ab739,Amazon Business,AMERICAN_EXPRESS,AMERICAN_EXPRESS,USD,true,0.0,false,1.0,100,100.0,0.01,90,false,,https://www.americanexpress.com/us/credit-cards/business/business-credit-cards/amazon-business-card/,false,
6ca9fd6caab5364f72928dd5ba04bb58,Rakuten,AMERICAN_EXPRESS,AMERICAN_EXPRESS,USD,true,0.0,false,1.0,25,25.0,500,90,false,,https://www.rakuten.com/american-express-card/,false,
f2d769efdbe2b9d8734787bc24297be6,Air France KLM,BANK_OF_AMERICA,MASTERCARD,FLYING_BLUE,false,89.0,false,1.0,70000,700.0,3000,90,true,1.0,https://wwws.airfrance.us/information/flyingblue/carte-bancaire-partenaire,false,bank-of-america-air-france-klm-world-elite-mastercard
f2461735a56702c428c209486e2f9e55,Customized Cash Rewards,BANK_OF_AMERICA,VISA,USD,false,0.0,false,1.0,200,200.0,1000,90,true,,https://www.bankofamerica.com/credit-cards/products/cash-back-credit-card/,false,bank-of-america-bank-of-america-customized-cash-rewards
eb8bc1a6f86dc471aa0deeca619fbf59,Premium Rewards,BANK_OF_AMERICA,VISA,BANK_OF_AMERICA,false,95.0,false,1.0,60000,600.0,4000,90,true,1.0,https://www.bankofamerica.com/credit-cards/products/premium-rewards-credit-card/,false,bank-of-america-bank-of-america-premium-rewards-elite
20594480e9f5656485a12e13389f60c7,Premium Rewards Elite,BANK_OF_AMERICA,VISA,BANK_OF_AMERICA,false,550.0,false,1.0,75000,750.0,5000,90,true,1.0,https://www.bankofamerica.com/credit-cards/products/premium-rewards-elite-credit-card/,false,bank-of-america-bank-of-america-premium-rewards-elite
fecfaab2c32f3edd5d97eafd8f3f19d6,Travel Rewards,BANK_OF_AMERICA,VISA,BANK_OF_AMERICA,false,0.0,false,1.5,25000,250.0,1000,90,true,1.0,https://www.bankofamerica.com/credit-cards/products/travel-rewards-credit-card/,false,bank-of-america-bank-of-america-travel-rewards
98db04658d4deee69293bd67bd2fd341,Unlimited Cash Rewards,BANK_OF_AMERICA,VISA,USD,false,0.0,false,1.5,200,200.0,1000,90,true,,https://www.bankofamerica.com/credit-cards/products/unlimited-cash-back-credit-card/,false,bank-of-america-bank-of-america-unlimited-cash-rewards
4f6d71dd4d06ff960cae0990b5efda21,Business Advantage Customized Cash,BANK_OF_AMERICA,MASTERCARD,USD,true,0.0,false,1.5,500,500.0,5000,90,false,,https://www.bankofamerica.com/smallbusiness/credit-cards/products/cash-rewards-business-credit-card,false,
a99aa675065459b90144275ac18d9ab1,Business Advantage Unlimited Cash,BANK_OF_AMERICA,MASTERCARD,USD,true,0.0,false,1.5,500,500.0,5000,90,false,,https://www.bankofamerica.com/smallbusiness/credit-cards/products/unlimited-cash-rewards-business-credit-card,false,
1e75cf9ca2ccded9a621d5e8f5630c3c,Business Advantage Travel Rewards,BANK_OF_AMERICA,MASTERCARD,BANK_OF_AMERICA,true,0.0,false,1.5,50000,500.0,5000,90,false,1.0,https://www.bankofamerica.com/smallbusiness/credit-cards/products/travel-rewards-business-credit-card,false,
9dce80bda519a8616ca4eb288d7cc693,Platinum Plus,BANK_OF_AMERICA,MASTERCARD,USD,true,0.0,false,1.5,300,300.0,3000,90,false,,https://www.bankofamerica.com/smallbusiness/credit-cards/products/platinum-plus-business-credit-card,false,
541d121bd20b148d43a8c896d0de6830,Free Spirit,BANK_OF_AMERICA,MASTERCARD,SPIRIT,false,79.0,true,1.5,65000,650.0,1000,90,true,1.0,https://www.bankofamerica.com/credit-cards/products/spirit-airlines-credit-card/,false,bank-of-america-free-spirit-travel-world-mastercard
12a1230229f936ee5f7b2d333e796ab8,Atmos Rewards Ascent,BANK_OF_AMERICA,VISA,ALASKA,false,95.0,false,1.0,85000,850.0,4000,120,true,1.0,https://www.alaskaair.com/atmosrewards/content/credit-cards,false,bank-of-america-atmos-rewards-ascent-visa-signature
2878b32104d7bf242496a8af56f33952,Atmos Rewards Summit,BANK_OF_AMERICA,VISA,ALASKA,false,395.0,false,1.0,100000,1000.0,6000,90,true,1.0,https://www.alaskaair.com/atmosrewards/content/credit-cards,false,bank-of-america-atmos-rewards-summit-visa-infinite
9e42d6cf9c6dcfda0cf7d5f5f015285d,Atmos Rewards Business,BANK_OF_AMERICA,VISA,ALASKA,true,95.0,false,1.0,80000,800.0,4000,120,false,1.0,https://www.alaskaair.com/atmosrewards/content/credit-cards,false,
bb54057b74adc9514885254a82fd8634,AAdvantage Aviator Red World Elite,BARCLAYS,MASTERCARD,AMERICAN,false,99.0,false,1.0,,,,,true,1.0,https://cards.barclaycardus.com/banking/cards/aadvantage-aviator-red-world-elite-mastercard/,false,barclays-bank-delaware-aadvantage-aviator-red-world-elite-mastercard
4b3dee677718c19aace2e927e6e26704,AAdvantage Aviator World Elite Business,BARCLAYS,MASTERCARD,AMERICAN,true,95.0,false,1.0,,,,,false,1.0,https://creditcards.aa.com/barclay-credit-card-aviator-business-american-airlines-aadvantage/,false,
f2fcdd7db964fb3c55f6df704f5678c8,AARP Essential Rewards,BARCLAYS,MASTERCARD,USD,false,0.0,false,1.0,100,100.0,500,90,true,,https://www.aarp.org/membership/benefits/finance/aarp-essential-rewards-mastercard-from-barclays/,false,barclays-bank-delaware-aarp-essential-rewards-mastercard-from-barclays
fc80c887a321dde1faa7e9282c813683,AARP Travel Rewards,BARCLAYS,MASTERCARD,USD,false,0.0,false,1.0,100,100.0,500,90,true,,https://www.aarp.org/membership/benefits/finance/aarp-travel-rewards-mastercard-from-barclays/,false,barclays-bank-delaware-aarp-travel-rewards-mastercard-from-barclays
eddb365c3098a64170b9e4fb322b2a05,Carnival World Mastercard,BARCLAYS,MASTERCARD,CARNIVAL,false,0.0,false,1.0,20000,200.0,1000,90,true,1.0,https://cards.barclaycardus.com/banking/cards/carnival-world-mastercard/,false,barclays-bank-delaware-carnival-world-mastercard
990a75f557890d22402183b20a8fe09d,Emirates Skywards Premium World Elite,BARCLAYS,MASTERCARD,EMIRATES,false,499.0,false,1.0,70000,700.0,3000,90,true,1.0,https://cards.barclaycardus.com/banking/cards/emirates-skywards-premium-world-elite-mastercard/,false,barclays-bank-delaware-emirates-skywards-premium-world-elite-mastercard
e33253806e1da76436e527e3c7b6179d,Emirates Skywards Rewards World Elite,BARCLAYS,MASTERCARD,EMIRATES,false,99.0,false,1.0,40000,400.0,3000,90,true,1.0,https://cards.barclaycardus.com/banking/cards/emirates-skywards-rewards-world-elite-mastercard/,false,barclays-bank-delaware-emirates-skywards-rewards-world-elite-mastercard
e33d8701c8e81d5befe82ec5ed5cda23,Frontier Airlines World,BARCLAYS,MASTERCARD,FRONTIER,false,89.0,true,1.0,50000,500.0,500,90,true,1.0,https://cards.barclaycardus.com/banking/cards/frontier-airlines-world-mastercard/,false,barclays-bank-delaware-frontier-airlines-world-mastercard
44effaf95f470d31302d6f366207a543,Hawaiian Airlines World Elite,BARCLAYS,MASTERCARD,HAWAIIAN,false,99.0,false,1.0,80000,800.0,5000,90,true,1.0,https://cards.barclaycardus.com/banking/credit-card/hawaiian-airlines/child/hawaiian-hcl-inflight-landing-page/,false,barclays-bank-delaware-hawaiian-world-elite-mastercard
d760441e47fada8604f084285fbaeb39,JetBlue,BARCLAYS,MASTERCARD,JETBLUE,false,0.0,false,1.0,10000,100.0,1000,90,true,1.0,https://cards.barclaycardus.com/banking/cards/jetblue-card/,false,barclays-bank-delaware-jetblue-mastercard
499685453910108ad817d64f9728eb46,JetBlue Business,BARCLAYS,MASTERCARD,JETBLUE,true,99.0,false,1.0,60000,600.0,6000,365,false,1.0,https://cards.barclaycardus.com/banking/cards/jetblue-business-card/,false,
fafac50a80daae929873eca389fafd15,JetBlue Plus,BARCLAYS,MASTERCARD,JETBLUE,false,99.0,false,1.0,75000,750.0,1000,90,true,1.0,https://cards.barclaycardus.com/banking/cards/jetblue-plus-card/,false,barclays-bank-delaware-jetblue-plus-mastercard
c7698b8b99a60ae3ccdd4d880ff5fe68,JetBlue Premier,BARCLAYS,MASTERCARD,JETBLUE,false,499.0,false,1.0,80000,800.0,5000,90,true,1.0,https://cards.barclaycardus.com/banking/cards/jetblue-premier-card/,false,barclays-bank-delaware-jetblue-premier-mastercard
fdd9a5b1485ab0f88d0abd28c32e3b89,Lufthansa Miles & More,BARCLAYS,MASTERCARD,LUFTHANSA,false,89.0,false,1.0,60000,600.0,3000,90,true,1.0,https://cards.barclaycardus.com/banking/cards/lufthansa-miles-more-world-elite-mastercard,false,barclays-bank-delaware-miles-more-world-elite-mastercard
d0fa846548af110fa31bc7bfa25828df,Upromise,BARCLAYS,MASTERCARD,USD,false,0.0,false,1.0,300,300.0,1000,90,true,,https://cards.barclaycardus.com/banking/cards/upromise-world-mastercard/,false,barclays-bank-delaware-upromise-world-mastercard
6496ff471ffd822105f59ea276547110,Wyndham Rewards Earner,BARCLAYS,VISA,WYNDHAM,false,0.0,false,1.0,30000,270.0,1000,90,true,0.9,https://www.wyndhamrewardscreditcard.com/#earner,false,barclays-bank-delaware-wyndham-rewards-earner-card
ba9027fba78b5ca88e4d9471aa9e31bd,Wyndham Rewards Earner Business,BARCLAYS,VISA,WYNDHAM,true,95.0,false,1.0,45000,405.0,3000,90,false,0.9,https://www.wyndhamrewardscreditcard.com/#earnerbusiness,false,
b910f422064772c65840288c632cf900,Wyndham Rewards Earner Plus,BARCLAYS,VISA,WYNDHAM,false,75.0,false,1.0,45000,405.0,1000,90,true,0.9,https://www.wyndhamrewardscreditcard.com/#earnerplus,false,barclays-bank-delaware-wyndham-rewards-earner-plus-card
9cbc127f6a0a485b64a7ddb5ed52d931,Hawaiian Airlines World Elite Business,BARCLAYS,MASTERCARD,HAWAIIAN,true,99.0,false,1.0,50000,500.0,4000,90,false,1.0,https://cards.barclaycardus.com/banking/credit-card/hawaiian-airlines/combo-app/hawaiian-bha-boh---combo-app/,false,
b52f6b684aec5d5b2465c27e6ccd1adc,Breeze,BARCLAYS,VISA,BREEZE,false,89.0,false,1.0,30000,300.0,1000,90,true,1.0,https://cards.barclaycardus.com/banking/cards/breeze-airways/,false,barclays-bank-delaware-breeze-easy-visa-signature
274b5ad3d42b14ff81fb588dd8938aa6,Xbox,BARCLAYS,MASTERCARD,BARCLAYS,false,0.0,false,1.0,5000,50.0,0.01,180,true,1.0,https://cards.barclaycardus.com/banking/cards/xbox-mastercard/,false,
be49d60cb01b9d5c3e919e6c570e9a48,Brex,BREX,MASTERCARD,BREX,false,0.0,false,1.0,,,,,true,1.0,https://www.brex.com/product/credit-card/,false,
fb5e3887059d5d8600b2a5eaed7ddaf7,Marriott Bonvoy Bountiful,CHASE,VISA,MARRIOTT,false,250.0,false,1.0,85000,595.0,4000,90,true,0.7,https://creditcards.chase.com/travel-credit-cards/marriott-bonvoy/bountiful,false,jpmorgan-chase-bank-marriott-bonvoy-bountiful-credit-card
918c978a06c7c36f9a321b2efa0ff974,Marriott Bonvoy Bold,CHASE,VISA,MARRIOTT,false,0.0,false,1.0,60000,420.0,1000,90,true,0.7,https://creditcards.chase.com/travel-credit-cards/marriott-bonvoy/bold,false,jpmorgan-chase-bank-marriott-bonvoy-bold-credit-card
6a4a30b866d4d37216b9d586a15ad1cc,Marriott Bonvoy Boundless,CHASE,VISA,MARRIOTT,false,95.0,false,1.0,200000,1400.0,4000,120,true,0.7,https://creditcards.chase.com/travel-credit-cards/marriott-bonvoy/boundless,false,jpmorgan-chase-bank-marriott-bonvoy-boundless-credit-card
682a4f0c425d15b5ca34214378cfc3de,Southwest Performance Business,CHASE,VISA,SOUTHWEST,true,299.0,false,1.0,80000,800.0,5000,90,false,1.0,https://creditcards.chase.com/business-credit-cards/southwest/performance-business,false,
32a0c8c7eda25330e2c176589e386d7f,Southwest Plus,CHASE,VISA,SOUTHWEST,false,99.0,false,1.0,20000,200.0,4000,90,true,1.0,https://creditcards.chase.com/travel-credit-cards/southwest/plus,false,jpmorgan-chase-bank-southwest-rapid-rewards-plus-credit-card
76e73a4afe8dfc1f8f1be1e345d7eca8,Southwest Premier,CHASE,VISA,SOUTHWEST,false,149.0,false,1.0,30000,300.0,4000,90,true,1.0,https://creditcards.chase.com/travel-credit-cards/southwest/premier,false,jpmorgan-chase-bank-southwest-rapid-rewards-premier-credit-card
f86d26bad5af78feff0335845003c47e,Southwest Premier Business,CHASE,VISA,SOUTHWEST,true,149.0,false,1.0,60000,600.0,3000,90,false,1.0,https://creditcards.chase.com/business-credit-cards/southwest/premier-business,false,
169256a9988f3161381ee6a9ebe6667e,Southwest Priority,CHASE,VISA,SOUTHWEST,false,229.0,false,1.0,40000,400.0,3000,90,true,1.0,https://creditcards.chase.com/travel-credit-cards/southwest/priority,false,jpmorgan-chase-bank-southwest-rapid-rewards-priority-credit-card
8101f7827e3a1e797b09653f117b72d9,United Business,CHASE,VISA,UNITED,true,150.0,false,1.0,100000,1000.0,5000,90,false,1.0,https://www.theexplorercard.com/business-rewards-cards/business-card,false,
d2517ce6b72999e14f50c399347100ed,United Club,CHASE,VISA,UNITED,false,695.0,false,1.0,110000,1100.0,5000,90,true,1.0,https://www.theexplorercard.com/rewards-cards/club-card,false,jpmorgan-chase-bank-united-club-infinite-card
80c6aca49a0e1442d51635c316f4a5ff,United Club Business,CHASE,VISA,UNITED,true,695.0,false,1.0,100000,1000.0,5000,90,false,1.0,https://www.theexplorercard.com/business-rewards-cards/club-card,false,
85cd2b7d172e494eefad5b2ab012f21c,United Explorer,CHASE,VISA,UNITED,false,150.0,true,1.0,85000,850.0,3000,90,true,1.0,https://www.theexplorercard.com/rewards-cards/explorer-card,false,jpmorgan-chase-bank-united-explorer-card
4071699fe4b21cafb02cf8b2c9c57c86,United Gateway,CHASE,VISA,UNITED,false,0.0,false,1.0,30000,300.0,1000,90,true,1.0,https://www.theexplorercard.com/rewards-cards/gateway-card,false,jpmorgan-chase-bank-united-gateway-card
34ab99720941eaa2a1671e5b3a996b19,United Quest,CHASE,VISA,UNITED,false,350.0,false,1.0,100000,1000.0,4000,90,true,1.0,https://www.theexplorercard.com/rewards-cards/quest-card,false,jpmorgan-chase-bank-united-quest-card
8ec7f405d03afa62eaeea7e197a29e8a,Ink Business Cash,CHASE,VISA,CHASE,true,0.0,false,1.0,75000,750.0,6000,180,false,1.0,https://creditcards.chase.com/business-credit-cards/ink/cash,false,
c80cdb77c3eda940e2a36abb4f943c69,Ink Business Preferred,CHASE,VISA,CHASE,true,95.0,false,1.0,100000,1000.0,8000,90,false,1.0,https://creditcards.chase.com/business-credit-cards/ink/business-preferred,false,
4a1c1e46f145b76fcc72ebd391fc5766,Ink Business Unlimited,CHASE,VISA,CHASE,true,0.0,false,1.0,75000,750.0,6000,180,false,1.0,https://creditcards.chase.com/business-credit-cards/ink/unlimited,false,
94c9b624738adce05fbe0e5bfc5d620e,Ink Business Premier,CHASE,VISA,USD,true,195.0,false,2.0,1000,1000.0,10000,90,false,,https://creditcards.chase.com/business-credit-cards/ink/premier,false,
40192e08e31f059d91a108ff09ec5dd5,IHG Premier,CHASE,MASTERCARD,IHG,false,99.0,false,1.0,140000,700.0,3000,90,true,0.5,https://creditcards.chase.com/travel-credit-cards/ihg-rewards-club/premier,false,jpmorgan-chase-bank-ihg-premier
bc82fb7022c639f90b9378410127b9e6,IHG Premier Business,CHASE,MASTERCARD,IHG,true,99.0,false,1.0,200000,1000.0,9000,90,false,0.5,https://creditcards.chase.com/business-credit-cards/IHG/business-premier,false,
2c6c7e215b4a1e791250d1fb48997e02,IHG Traveler,CHASE,MASTERCARD,IHG,false,0.0,false,1.0,80000,400.0,2000,90,true,0.5,https://creditcards.chase.com/travel-credit-cards/ihg-rewards-club/traveler,false,jpmorgan-chase-bank-ihg-traveler
57f8a819c3bb4c6aa494016703281f35,Sapphire Preferred,CHASE,VISA,CHASE,false,95.0,false,1.0,75000,750.0,5000,90,true,1.0,https://creditcards.chase.com/rewards-credit-cards/sapphire/preferred,false,jpmorgan-chase-bank-sapphire-preferred
77e3ef2fc9c35498ba1a3f46a63235cb,Sapphire Reserve,CHASE,VISA,CHASE,false,795.0,false,1.0,150000,1500.0,6000,90,true,1.0,https://creditcards.chase.com/rewards-credit-cards/sapphire/reserve,false,jpmorgan-chase-bank-sapphire-reserve
5d8c589d1e7c1294d04fa6e4a2685624,Sapphire Reserve Business,CHASE,VISA,CHASE,true,795.0,false,1.0,150000,1500.0,20000,90,false,1.0,https://creditcards.chase.com/business-credit-cards/sapphire/reserve,false,
dcafcac45d86331a7f6b9cfdb980b81e,Aer Lingus Signature,CHASE,VISA,AVIOS,false,95.0,false,1.0,75000,750.0,5000,90,true,1.0,https://creditcards.chase.com/travel-credit-cards/avios/aer-lingus,false,jpmorgan-chase-bank-aer-lingus-visa-signature
7662e34a89a906b869b93bb12a2e1b3b,Aeroplan,CHASE,MASTERCARD,AEROPLAN,false,95.0,false,1.0,85000,850.0,4000,90,true,1.0,https://creditcards.chase.com/travel-credit-cards/aircanada/aeroplan,false,jpmorgan-chase-bank-chase-aeroplan-card
7b06f0b6a307509b71862ffa5933ef0b,British Airways Signature,CHASE,VISA,AVIOS,false,95.0,false,1.0,90000,900.0,5000,90,true,1.0,https://creditcards.chase.com/travel-credit-cards/avios/british-airways,false,jpmorgan-chase-bank-british-airways-visa-signature
cd81837eb0aedd4752197e044e77381a,Disney Premier,CHASE,VISA,USD,false,49.0,false,1.0,300,300.0,1000,90,true,,https://creditcards.chase.com/rewards-credit-cards/disney/premier,false,jpmorgan-chase-bank-disney-premier-visa-card
12a1578aeb5bfcdd3bc794154ad1f6cc,Disney,CHASE,VISA,USD,false,0.0,false,1.0,150,150.0,500,90,true,,https://creditcards.chase.com/rewards-credit-cards/disney/rewards,false,jpmorgan-chase-bank-disney-visa-card
6ba7f561f6a4f7f2934bec25bd9a3130,Freedom Flex,CHASE,MASTERCARD,CHASE,false,0.0,false,1.0,20000,200.0,500,90,true,1.0,https://creditcards.chase.com/cash-back-credit-cards/freedom/flex,false,jpmorgan-chase-bank-freedom-flex
3a9ea798ce73485fc8456280fd4b1816,Freedom Unlimited,CHASE,VISA,CHASE,false,0.0,false,1.5,25000,250.0,500,90,true,1.0,https://creditcards.chase.com/cash-back-credit-cards/freedom/unlimited,false,jpmorgan-chase-bank-freedom-unlimited
60c2e7b4bc2e526bf38dac5be5f4433c,Iberia Signature,CHASE,VISA,AVIOS,false,95.0,false,1.0,75000,750.0,5000,90,true,1.0,https://creditcards.chase.com/travel-credit-cards/avios/iberia,false,jpmorgan-chase-bank-iberia-visa-signature
d378a38b56d4c9bd5e1ad184a6ce84f0,World of Hyatt,CHASE,VISA,HYATT,false,95.0,false,1.0,30000,450.0,3000,90,true,1.5,https://creditcards.chase.com/travel-credit-cards/world-of-hyatt-credit-card,false,jpmorgan-chase-bank-world-of-hyatt-credit-card
0d9d833e7298ab0f1892a4035686fa06,World of Hyatt Business,CHASE,VISA,HYATT,false,199.0,false,1.0,60000,900.0,5000,90,true,1.5,https://creditcards.chase.com/business-credit-cards/world-of-hyatt/hyatt-business-card,false,jpmorgan-chase-bank-world-of-hyatt-credit-card
f4d8c429f58f9f74944a9108bcae4a22,Amazon Prime,CHASE,VISA,USD,false,0.0,false,1.0,150,150.0,0.01,365,true,,https://www.amazon.com/dp/BT00LN946S,false,jpmorgan-chase-bank-amazon-prime-rewards-visa-card
66f7413248c7f2c61ce1e8008685eac2,Quicksilver,CAPITAL_ONE,VISA,USD,false,0.0,false,1.0,200,200.0,500,90,true,,https://www.capitalone.com/credit-cards/quicksilver/,false,capital-one-quicksilver-secured-rewards
2d16431e0caee645b420cc3d3255b2ee,Savor,CAPITAL_ONE,VISA,USD,false,0.0,false,1.0,200,200.0,500,90,true,,https://www.capitalone.com/credit-cards/savor/,false,capital-one-savor-rewards
d4955a21df61a45ad86c3d60c58b91fc,Spark 1.5% Cash Select,CAPITAL_ONE,VISA,USD,true,0.0,false,1.0,750,750.0,6000,90,false,,https://www.capitalone.com/small-business/credit-cards/spark-cash-select,false,
c8d364bb32a8d2f6a359cf57a5e58cde,VentureOne Business,CAPITAL_ONE,VISA,CAPITAL_ONE,true,0.0,false,1.0,50000,500.0,4500,90,false,1.0,https://www.capitalone.com/small-business/credit-cards/ventureone-business/,false,
9bd7d14db16dcc106d2eb062b08bf15f,Spark 2% Cash Plus,CAPITAL_ONE,VISA,USD,true,150.0,false,1.0,,,,,false,,https://www.capitalone.com/small-business/credit-cards/spark-cash-plus/,false,
e48261ce7908f2ed8403245217f44de7,Venture Business,CAPITAL_ONE,VISA,CAPITAL_ONE,true,95.0,false,1.0,150000,1500.0,30000,180,false,1.0,https://www.capitalone.com/small-business/credit-cards/venture-business/,false,
4a7a8036e514f187ca7c41b31925251e,Venture Rewards,CAPITAL_ONE,VISA,CAPITAL_ONE,false,95.0,false,1.0,75000,750.0,4000,90,true,1.0,https://www.capitalone.com/credit-cards/venture/,false,capital-one-venture-rewards
9aa036266b8cc7e7512a630efdecae0b,Venture X,CAPITAL_ONE,VISA,CAPITAL_ONE,false,395.0,false,2.0,75000,750.0,4000,90,true,1.0,https://www.capitalone.com/credit-cards/venture-x/,false,capital-one-venture-x-rewards
1d2ff07648fdd4b06d89ef0309f1c4cb,Venture X Business,CAPITAL_ONE,VISA,CAPITAL_ONE,true,395.0,false,2.0,,,,,false,1.0,https://www.capitalone.com/small-business/credit-cards/venture-x-business/,false,
d0298263cc453d34160558a93fd1bcb2,VentureOne,CAPITAL_ONE,VISA,CAPITAL_ONE,false,0.0,false,1.0,20000,200.0,500,90,true,1.0,https://www.capitalone.com/credit-cards/ventureone/,false,capital-one-ventureone-rewards
3543149f6555df6f7e4974923c55d853,AAdvantage Executive,CITI,MASTERCARD,AMERICAN,false,595.0,false,1.0,100000,1000.0,10000,90,true,1.0,https://creditcards.aa.com/citi-executive-card-american-airlines-direct/,false,citibank-citi-aadvantage-executive-world-elite-mastercard
196b33e005dd1bc8e1c505f2bf98a1d1,AAdvantage MileUp,CITI,MASTERCARD,AMERICAN,false,0.0,false,1.0,15000,150.0,500,90,true,1.0,https://creditcards.aa.com/citi-mileup-card-american-airlines-direct/,false,citibank-aadvantage-mileup-card
a497d6ba509538db9e3e4a3e5e313fe9,AAdvantage Platinum Select World Elite,CITI,MASTERCARD,AMERICAN,false,99.0,true,1.0,80000,800.0,3500,120,true,1.0,https://creditcards.aa.com/credit-cards/citi-platinum-card-american-airlines-direct/,false,citibank-citi-aadvantage-platinum-select
c6b04cf07dd821ddcfba3dbe398a4b31,AAdvantage Globe,CITI,MASTERCARD,AMERICAN,false,350.0,false,1.0,90000,900.0,5000,120,true,1.0,https://creditcards.aa.com/credit-cards/citi-globe-card-american-airlines-direct/,false,citibank-citi-aadvantage-globe-mastercard
f6ff3383cc6c52a81eb4715eb8d5de03,AAdvantage Business World Elite,CITI,MASTERCARD,AMERICAN,true,99.0,true,1.0,75000,750.0,4000,120,false,1.0,https://creditcards.aa.com/credit-cards/citi-business-card-american-airlines-direct/,false,
06b9a384d710e73db7f0ded7613c9c4b,Double Cash,CITI,MASTERCARD,USD,false,0.0,false,2.0,200,200.0,1500,180,true,,https://www.citi.com/credit-cards/citi-double-cash-credit-card,false,citibank-citi-double-cash-card
49fe6c73c0e823a89346979f50d5b981,Custom Cash,CITI,MASTERCARD,USD,false,0.0,false,2.0,200,200.0,1500,180,true,,https://www.citi.com/credit-cards/citi-custom-cash-credit-card,false,citibank-citi-custom-cash
19c94f90056968ebde2882f7bb0f1010,Strata Elite,CITI,MASTERCARD,CITI,false,595.0,false,1.5,75000,750.0,6000,90,true,1.0,https://www.citi.com/credit-cards/citi-strata-elite-credit-card,false,citibank-citi-strata-elite
d7e2e5b5e595ca6510c101349c914513,Strata Premier,CITI,MASTERCARD,CITI,false,95.0,false,2.0,60000,600.0,4000,90,true,1.0,https://www.citi.com/credit-cards/citi-strata-premier-credit-card,false,citibank-citi-strata-premier
cbc737da5cbd44575dec6325bbbd8688,Strata,CITI,MASTERCARD,CITI,false,0.0,false,2.0,20000,200.0,1000,90,true,1.0,https://www.citi.com/credit-cards/citi-strata-credit-card,false,citibank-citi-strata-elite
d4bbd57e45d6a6ddb445ddec4e781d7c,AT&T Points Plus,CITI,MASTERCARD,USD,false,0.0,false,1.0,250,250.0,500,90,true,,https://www.att.com/deals/att-points-plus-citi/,false,citibank-at-t-points-plus-card
eb573cdc20d07fc2d60e8528f73cafb0,AAA Daily Advantage,COMENITY,VISA,USD,false,0.0,false,1.0,100,100.0,1000,90,true,,https://www.ace.aaa.com/financial/aaa-credit-card.html,false,comenity-capital-bank-aaa-daily-advantage-visa-signature
6862ac82f65ac34d31032dbe0cf1e87b,AAA Travel Advantage,COMENITY,VISA,USD,false,0.0,false,1.0,100,100.0,1000,90,true,,https://www.ace.aaa.com/financial/aaa-credit-card.html,false,comenity-capital-bank-aaa-travel-advantage-visa-signature
dae75a5609dea8f39f750f4b225d2c5c,Discover It,DISCOVER,DISCOVER,USD,false,0.0,false,1.0,100,100.0,0.01,90,true,,https://www.discover.com/credit-cards/,false,
73015adf7b2ca52331e05203c4ad5462,LATAM Airlines,FIRST,MASTERCARD,LATAM,false,0.0,false,1.0,15000,150.0,1000,90,true,1.0,https://latampass.latam.com/en_us/earn-miles/latam-airlines-credit-cards,false,
7e578b54e8976a7b9027124c56b2377f,LATAM Airlines World Elite,FIRST,MASTERCARD,LATAM,false,99.0,false,1.0,40000,400.0,3500,90,true,1.0,https://latampass.latam.com/en_us/earn-miles/latam-airlines-credit-cards,false,
684de802ca5bf73c791a752537da84c5,Cardless Qatar Signature,FIRST,VISA,AVIOS,false,99.0,false,1.0,40000,400.0,3000,90,true,1.0,https://qatarairways.cardless.com/compare,false,
ea277f6af8a60065a83e5f16569dcce8,Cardless Qatar Infinite,FIRST,VISA,AVIOS,false,499.0,false,1.0,50000,500.0,5000,90,true,1.0,https://qatarairways.cardless.com/compare,false,
1babfb0011a010a6149965531021ad2e,Avianca LifeMiles,FIRST,AMERICAN_EXPRESS,AVIANCA,false,99.0,false,1.0,40000,400.0,4500,90,true,1.0,https://www.lifemiles.com/discover/landing-page/avianca-lifemiles-creditcard,false,
0bcc80cc6922e7c7d89e9c9b2efcd9e1,Avianca LifeMiles Elite,FIRST,AMERICAN_EXPRESS,AVIANCA,false,250.0,false,1.0,60000,600.0,4500,90,true,1.0,https://www.lifemiles.com/discover/landing-page/avianca-lifemiles-creditcard,false,
0b3a9849575c68ce5cbf31aad08f015e,ANA Card USA Plus,FIRST,VISA,ANA,true,85.0,true,1.0,5000,50.0,0.01,90,false,1.0,https://www.anacardusa.com/en/,false,
1f13c36d3b8218b1a22d5ab050d30b09,Amtrak Guest Rewards,FNBO,MASTERCARD,AMTRAK,false,0.0,false,1.0,12000,120.0,1000,90,true,1.0,https://www.amtrak.com/Apply,false,first-national-bank-of-omaha-amtrak-guest-rewards-mastercard
4a2f48392c94bc6b0ef9b6d30153bddc,Amtrak Guest Rewards Preferred,FNBO,MASTERCARD,AMTRAK,false,99.0,false,1.0,40000,400.0,2000,90,true,1.0,https://www.amtrak.com/Apply,false,first-national-bank-of-omaha-amtrak-guest-rewards-preferred-mastercard
1b70fa39672eb066b7a3a5092888e7b2,Best Western Rewards,FNBO,MASTERCARD,BEST_WESTERN,false,0.0,false,1.0,40000,240.0,1000,90,true,0.6,https://www.bestwestern.com/en_US/offers/hotel-discounts/best-western-rewards-visa.html,false,
cf10cfcfab787460b24ecbf8b76f7bdc,Best Western Rewards Premium,FNBO,MASTERCARD,BEST_WESTERN,false,89.0,false,1.0,80000,480.0,3000,90,true,0.6,https://www.bestwestern.com/en_US/offers/hotel-discounts/best-western-rewards-visa.html,false,
879d4dccd8e59ba55a3a688adeb2c773,Power Cash Rewards,PENFED,VISA,USD,false,0.0,false,1.5,100,100.0,1500,90,true,,https://www.penfed.org/credit-cards/power-cash-rewards-visa,false,pentagon-federal-credit-union-penfed-power-cash-rewards-visa-card
2743ba5aabdadc15aa6bd046f1b71a5c,Platinum Rewards,PENFED,VISA,PENFED,false,0.0,false,1.0,15000,127.5,1500,90,true,0.85,https://www.penfed.org/credit-cards/platinum-rewards-visa,false,pentagon-federal-credit-union-penfed-platinum-rewards-visa-card
9afcb83bfffcdc108fc3ac90a8b384da,Pathfinder,PENFED,VISA,PENFED,false,95.0,false,1.0,50000,425.0,3000,90,true,0.85,https://www.penfed.org/credit-cards/pathfinder-rewards,false,pentagon-federal-credit-union-penfed-pathfinder-rewards-visa-signature-card
dfaa58e5c67e69cb711960cfd4567f9c,Cash Rewards Visa Signature Business,PNC,VISA,USD,true,0.0,false,1.5,,,,,false,,https://www.pnc.com/en/small-business/borrowing/business-credit-cards/pnc-cash-rewards-visa-signature-business-credit-card.html,false,
0d2caa1705cde187692a28873930c605,Cathay Pacific,SYNCHRONY,VISA,CATHAY_PACIFIC,false,99.0,false,1.0,38000,380.0,3000,90,true,1.0,https://pay.cathaypacific.com/en_US/offers/uscreditcard.html,false,synchrony-financial-cathay-pacific-visa-card
06b77b791c904e42695dd12747e89cd8,Virgin Red Rewards,SYNCHRONY,MASTERCARD,VIRGIN,false,99.0,false,1.0,60000,600.0,4000,90,true,1.0,https://www.virgin.com/en-us/virgin-red/rewards-credit-card,false,synchrony-financial-virgin-red-rewards-world-elite-mastercard
d2dd7fe800c9788452ec41c3fc3a06fa,Verizon Visa,SYNCHRONY,VISA,USD,false,0.0,false,1.0,50,50.0,0.01,90,true,,https://www.verizon.com/financial-services/verizon-visa-card/,false,synchrony-financial-verizon-visa-signature-card
145320d72bf260a11a537333d4425820,Walmart OnePay CashRewards,SYNCHRONY,MASTERCARD,USD,false,0.0,false,1.0,35,35.0,75,30,true,,https://www.walmart.com/cp/onepay-cashrewards-mastercard/9569366376,false,
25e394e76617c0a660b48d7c5c4449ea,Amazon Prime Store Card,SYNCHRONY,VISA,USD,false,0.0,false,5.0,60,60.0,0.01,90,true,,https://www.amazon.com/Synchrony-Bank-Amazon-com-Store-Card/dp/B008A0GNA8,false,
3d777bda73262fa43b11626eb383f9ab,Business Altitude Power,US_BANK,MASTERCARD,US_BANK,true,195.0,false,2.0,75000,750.0,10000,120,false,1.0,https://www.usbank.com/business-banking/business-credit-cards/business-altitude-power-world-elite-mastercard.html,false,
1e6ddb097a524ce3b68719ae6c5eb1e8,Business Altitude Connect,US_BANK,MASTERCARD,US_BANK,true,95.0,true,2.0,60000,600.0,6000,180,false,1.0,https://www.usbank.com/business-banking/business-credit-cards/business-altitude-connect-world-elite-mastercard.html,false,
9a35bfe5845f7f9909244b1e3549b7e1,Altitude Connect,US_BANK,VISA,US_BANK,false,0.0,true,2.0,30000,300.0,1000,90,true,1.0,https://www.usbank.com/credit-cards/altitude-connect-visa-signature-credit-card.html,false,
f81e751b8d46af2e7c84cc4cf4083dec,Altitude Reserve,US_BANK,VISA,US_BANK,false,0.0,true,2.0,,,,,true,1.0,https://www.nerdwallet.com/article/credit-cards/u-s-bank-altitude-reserve-closed-to-new-applications,true,
b523a3cc7d6d355737b1c4dda1eb7a04,Altitude Go,US_BANK,VISA,US_BANK,false,0.0,false,2.0,20000,200.0,1000,90,true,1.0,https://www.usbank.com/credit-cards/altitude-go-visa-signature-credit-card.html,false,u-s-bancorp-altitude-go-sig
78726438553c1f6b63383f3bac6df57b,Cash+,US_BANK,VISA,USD,false,0.0,false,2.0,200,200.0,1000,90,true,,https://www.usbank.com/credit-cards/cash-plus-visa-signature-credit-card.html,false,u-s-bancorp-cash-signature
6ad6818a9b47a8e42efd29440616e249,FlexPerks Gold,US_BANK,AMERICAN_EXPRESS,US_BANK,false,85.0,false,2.0,,,,,true,1.0,https://www.usbank.com/credit-cards/flexperks-gold-american-express-credit-card.html,true,
4899141df2aa46191c192c6f216b74cf,Business Leverage,US_BANK,VISA,USD,true,95.0,true,1.0,750,750.0,7500,120,false,,https://www.usbank.com/business-banking/business-credit-cards/business-leverage-rewards-credit-card.html,false,
a9fe40efecc22039a980c039bb6841be,Business Triple Cash Rewards,US_BANK,MASTERCARD,USD,true,0.0,false,1.0,750,750.0,4500,150,false,,https://www.usbank.com/business-banking/business-credit-cards/business-triple-cash-back-credit-card.html,false,
90d9bd31d33bc6cfbdb1eb0962cbce57,Skypass Blue,US_BANK,VISA,KOREAN,false,95.0,false,1.0,10000,100.0,1000,90,true,1.0,https://www.skypassvisa.com/credit/visaSkyBlueCard.do,false,
824f4be5b9f38164fb8f44522467876e,Skypass,US_BANK,VISA,KOREAN,false,95.0,false,1.0,40000,400.0,4000,90,true,1.0,https://www.skypassvisa.com/credit/visaSignatureCard.do,false,
aceef720d7ec6cf06ee46865fc39d612,Skypass Select,US_BANK,VISA,KOREAN,false,450.0,false,1.0,60000,600.0,5000,90,true,1.0,https://www.skypassvisa.com/credit/visaSelectCard.do,false,
cf146925642ec392eee6c924cfc7ec0d,Skypass Business,US_BANK,VISA,KOREAN,true,99.0,false,1.0,50000,500.0,5000,90,false,1.0,https://www.skypassvisa.com/credit/visaBusinessCard.do,false,
8de694e89b9c26c9f72fc7450c66665b,Shopper Cash Rewards,US_BANK,VISA,USD,false,95.0,true,1.5,250,250.0,2000,120,true,,https://www.usbank.com/credit-cards/shopper-cash-rewards-visa-signature-credit-card.html,false,u-s-bancorp-cash-signature
e1679e714c2139ed85bd250e229ded16,Smartly,US_BANK,VISA,USD,false,0.0,false,2.0,0,0.0,3000,90,true,,https://www.usbank.com/credit-cards/bank-smartly-visa-signature-credit-card.html,true,
429640c66f9a2e3bd077978aa5a1f0aa,Signify Business Cash,WELLS_FARGO,MASTERCARD,USD,true,0.0,false,2.0,500,500.0,5000,90,false,,https://creditcards.wellsfargo.com/business-credit-cards/signify-business-cash-credit-card,false,
df2960b75b50536daa6e05a33479b198,Active Cash,WELLS_FARGO,VISA,USD,false,0.0,false,2.0,200,200.0,500,90,true,,https://creditcards.wellsfargo.com/active-cash-credit-card/,false,wells-fargo-bank-wells-fargo-active-cash-card
ce08e0bddd774433cb77be87f5d6af76,Autograph,WELLS_FARGO,VISA,WELLS_FARGO,false,0.0,false,2.0,20000,200.0,1000,90,true,1.0,https://creditcards.wellsfargo.com/autograph-visa-credit-card,false,wells-fargo-bank-wells-fargo-autograph-card
d1fcd95962c94d1b56d691fda30acead,Autograph Journey,WELLS_FARGO,VISA,WELLS_FARGO,false,95.0,false,1.0,60000,600.0,4000,90,true,1.0,https://creditcards.wellsfargo.com/autograph-journey-visa-credit-card,false,wells-fargo-bank-wells-fargo-autograph-journey-card
2745fd62ecf1bba1056f7933b1ab285e,Choice Privileges,WELLS_FARGO,VISA,CHOICE,false,0.0,false,1.0,60000,360.0,1000,90,true,0.6,https://creditcards.wellsfargo.com/wells-fargo-choice-privileges-credit-cards,false,wells-fargo-bank-choice-privileges-mastercard
c68bed03d88b439b70c905e490757271,Choice Privileges Select,WELLS_FARGO,VISA,CHOICE,false,95.0,false,1.0,60000,360.0,3000,90,true,0.6,https://creditcards.wellsfargo.com/wells-fargo-choice-privileges-credit-cards,false,wells-fargo-bank-choice-privileges-select-mastercard
8b60912df8dd8406cbbf96469c4cfaec,Attune,WELLS_FARGO,MASTERCARD,USD,false,0.0,false,1.0,100,100.0,500,90,true,,https://creditcards.wellsfargo.com/attune-world-elite-mastercard-credit-card,false,wells-fargo-bank-wells-fargo-attune-world-elite-mastercard
c077a47639c7b47d1895200c72588ee3,Bilt,WELLS_FARGO,MASTERCARD,WELLS_FARGO,false,0.0,false,1.0,,,,,true,1.0,https://www.biltrewards.com/card,false,
546dccf995e97f42d656d069c95efacf,Expedia One Key,WELLS_FARGO,MASTERCARD,EXPEDIA,false,0.0,false,1.5,250,2.5,1000,90,true,1.0,https://www.expedia.com/one-key-cards,false,wells-fargo-bank-one-key-card-mastercard-world-elite
dfdf46ff6cbfcea7b738c7092e00af78,Expedia One Key+,WELLS_FARGO,MASTERCARD,EXPEDIA,false,99.0,false,2.0,350,3.5,3000,90,true,1.0,https://www.expedia.com/one-key-cards,false,wells-fargo-bank-one-key-card-mastercard-world-elite
eb105ba41f6ad2ea3b5f151f03f3dcfa,Gemini,WEB_BANK,MASTERCARD,USD,false,0.0,false,1.0,200,200.0,3000,90,true,,https://www.gemini.com/credit-card,false,
